iter	Logloss
0	0.0775958769
1	0.07566601381
